referral_id,patient_id,referring_clinician_id,referred_to_clinician_id,referring_facility_id,referred_to_facility_id,referral_date,urgency_level,referral_reason,clinical_summary,requested_investigations,status,appointment_id,notes,created_date,last_updated
R001,P005,C001,,,"35-year-old male with Grade 2/6 systolic murmur detected during routine examination. No symptoms of chest pain or breathlessness.","","","",,,,,,
R002,P001,C001,,,"40-year-old male with 3-month history of severe morning headaches. No focal neurological signs but concerned about intracranial pressure.","","","",,,,,,
R003,P003,C003,,,"48-year-old male with 6-month history of epigastric pain and weight loss. Normal blood tests but symptoms persisting.","","","",,,,,,
R004,P009,C004,,,"44-year-old male with 2-year history of right knee pain affecting mobility. X-ray shows mild degenerative changes.","","","",,,,,,
R005,P007,C002,,,"33-year-old male with changing mole on back. No family history of melanoma but lesion has irregular borders.","","","",,,,,,
R006,P004,C002,,,"37-year-old female with recent onset chest pain and family history of cardiac disease. ECG shows minor T-wave changes.","","","",,,,,,
R007,P008,C010,,,"42-year-old female with severe atopic eczema not responding to standard treatments. Affects quality of life significantly.","","","",,,,,,
R008,P002,C009,,,"35-year-old female requiring follow-up after adverse reaction to vaccination. Mild allergic response managed successfully.","","","",,,,,,
R009,P010,C002,,,"38-year-old female with Type 2 diabetes requiring annual cardiovascular risk assessment. HbA1c slightly elevated.","","","",,,,,,
sdf,sdf,sdf,,,"f","","","",,,,,,
sdfs,d,fsd,,,f,"sdf","","",,,,,,
sdfs,sd,f,,,f,sdf,"s","",,,,,,
sd,s,cs,,,sf,s,"f","",,,,,,
sdf,s,f,,,sd,f,sdf,"s",,New,,,,
